{"_default": {"0": {"value": [{"transformation_type": "p2q", "macro_variable_name": "FRFHFBE_US", "macro_variables_group": "FRFHFBE_US_p2q_l1q", "lag": 1}, {"transformation_type": "p2q", "macro_variable_name": "FLBR_US", "macro_variables_group": "FLBR_US_p2q_l1q", "lag": 1}, {"transformation_type": "p2q", "macro_variable_name": "FHOFHOPIQ_US", "macro_variables_group": "FHOFHOPIQ_US_p2q", "lag": 0}, {"transformation_type": "none", "macro_variable_name": "FLBR_US", "macro_variables_group": "FLBR_US_l1q", "lag": 1}, {"transformation_type": "none", "macro_variable_name": "FLBR_US", "macro_variables_group": "FLBR_US_l2q", "lag": 2}, {"transformation_type": "log", "macro_variable_name": "FCBC_US", "macro_variables_group": "FCBC_US_log", "lag": 0}, {"transformation_type": "log", "macro_variable_name": "FLBR_US", "macro_variables_group": "FLBR_US_log", "lag": 0}, {"transformation_type": "p1q", "macro_variable_name": "FCBC_US", "macro_variables_group": "FCBC_US_p1q", "lag": 0}, {"transformation_type": "p1q", "macro_variable_name": "FCBC_US", "macro_variables_group": "FCBC_US_p1q_l1q", "lag": 1}, {"transformation_type": "p1q", "macro_variable_name": "FHOFHOPIQ_US", "macro_variables_group": "FHOFHOPIQ_US_p1q", "lag": 0}, {"transformation_type": "none", "macro_variable_name": "FRILIBOR12M_US", "macro_variables_group": "FRILIBOR12M_US_l1q", "lag": 1}, {"transformation_type": "p1y", "macro_variable_name": "FHOFHOPIQ_US", "macro_variables_group": "FHOFHOPIQ_US_p1y_l1q", "lag": 1}, {"transformation_type": "p1y", "macro_variable_name": "FLBR_US", "macro_variables_group": "FLBR_US_p1y_l1q", "lag": 1}, {"transformation_type": "p1y", "macro_variable_name": "FLBR_US", "macro_variables_group": "FLBR_US_p1y", "lag": 0}], "type": "operation", "name": "macro_variables", "industry": "all", "model_id": "2016-SBNA-Loss-Retail-MORTGAGE", "version_date": "12/31/2016"}, "1": {"value": [{"operator": null, "operand_1": "FRFHFBE_US_p2q_l1q", "combination": "FRFHFBE_US_p2q_l1q", "operand_2": null}, {"operator": null, "operand_1": "FLBR_US_p2q_l1q", "combination": "FLBR_US_p2q_l1q", "operand_2": null}, {"operator": null, "operand_1": "FHOFHOPIQ_US_p2q", "combination": "FHOFHOPIQ_US_p2q", "operand_2": null}, {"operator": null, "operand_1": "FLBR_US_l1q", "combination": "FLBR_US_l1q", "operand_2": null}, {"operator": null, "operand_1": "FLBR_US_l2q", "combination": "FLBR_US_l2q", "operand_2": null}, {"operator": null, "operand_1": "FCBC_US_log", "combination": "FCBC_US_log", "operand_2": null}, {"operator": null, "operand_1": "FLBR_US_log", "combination": "FLBR_US_log", "operand_2": null}, {"operator": null, "operand_1": "FCBC_US_p1q", "combination": "FCBC_US_p1q", "operand_2": null}, {"operator": null, "operand_1": "FCBC_US_p1q_l1q", "combination": "FCBC_US_p1q_l1q", "operand_2": null}, {"operator": null, "operand_1": "FHOFHOPIQ_US_p1q", "combination": "FHOFHOPIQ_US_p1q", "operand_2": null}, {"operator": null, "operand_1": "FRILIBOR12M_US_l1q", "combination": "FRILIBOR12M_US_l1q", "operand_2": null}, {"operator": null, "operand_1": "FHOFHOPIQ_US_p1y_l1q", "combination": "FHOFHOPIQ_US_p1y_l1q", "operand_2": null}, {"operator": null, "operand_1": "FLBR_US_p1y_l1q", "combination": "FLBR_US_p1y_l1q", "operand_2": null}, {"operator": null, "operand_1": "FLBR_US_p1y", "combination": "FLBR_US_p1y", "operand_2": null}], "type": "operation", "name": "macro_variable_combinations", "industry": "all", "model_id": "2016-SBNA-Loss-Retail-MORTGAGE", "version_date": "12/31/2016"}, "2": {"value": [{"transformation_type": "p2q", "macro_variable_name": "FCBC_US", "macro_variables_group": "FCBC_US_p2q", "lag": 0}, {"transformation_type": "p2q", "macro_variable_name": "FHOFHOPIQ_US", "macro_variables_group": "FHOFHOPIQ_US_p2q", "lag": 0}, {"transformation_type": "p2q", "macro_variable_name": "FLBR_US", "macro_variables_group": "FLBR_US_p2q_l1q", "lag": 1}, {"transformation_type": "p2q", "macro_variable_name": "FRPRIME_US", "macro_variables_group": "FRPRIME_US_p2q", "lag": 0}, {"transformation_type": "none", "macro_variable_name": "FLBR_US", "macro_variables_group": "FLBR_US_l2q", "lag": 2}, {"transformation_type": "log", "macro_variable_name": "FCBC_US", "macro_variables_group": "FCBC_US_log", "lag": 0}, {"transformation_type": "log", "macro_variable_name": "FRPRIME_US", "macro_variables_group": "FRPRIME_US_log_l2q", "lag": 2}, {"transformation_type": "p1q", "macro_variable_name": "FHOFHOPIQ_US", "macro_variables_group": "FHOFHOPIQ_US_p1q", "lag": 0}], "type": "operation", "name": "macro_variables", "industry": "all", "model_id": "2016-SBNA-Loss-Retail-HELOC", "version_date": "12/31/2016"}, "3": {"value": [{"operator": null, "operand_1": "FCBC_US_p2q", "combination": "FCBC_US_p2q", "operand_2": null}, {"operator": null, "operand_1": "FHOFHOPIQ_US_p2q", "combination": "FHOFHOPIQ_US_p2q", "operand_2": null}, {"operator": null, "operand_1": "FLBR_US_p2q_l1q", "combination": "FLBR_US_p2q_l1q", "operand_2": null}, {"operator": null, "operand_1": "FRPRIME_US_p2q", "combination": "FRPRIME_US_p2q", "operand_2": null}, {"operator": null, "operand_1": "FLBR_US_l2q", "combination": "FLBR_US_l2q", "operand_2": null}, {"operator": null, "operand_1": "FCBC_US_log", "combination": "FCBC_US_log", "operand_2": null}, {"operator": null, "operand_1": "FRPRIME_US_log_l2q", "combination": "FRPRIME_US_log_l2q", "operand_2": null}, {"operator": null, "operand_1": "FHOFHOPIQ_US_p1q", "combination": "FHOFHOPIQ_US_p1q", "operand_2": null}], "type": "operation", "name": "macro_variable_combinations", "industry": "all", "model_id": "2016-SBNA-Loss-Retail-HELOC", "version_date": "12/31/2016"}, "4": {"value": [{"transformation_type": "p1y", "macro_variable_name": "FHOFHOPIQ_US", "macro_variables_group": "FHOFHOPIQ_US_p1y", "lag": 0}, {"transformation_type": "p2q", "macro_variable_name": "FHOFHOPIQ_US", "macro_variables_group": "FHOFHOPIQ_US_p2q", "lag": 0}, {"transformation_type": "p1m", "macro_variable_name": "FHOFHOPIQ_US", "macro_variables_group": "FHOFHOPIQ_US_p1m", "lag": 0}, {"transformation_type": "p2q", "macro_variable_name": "FCXXX_US", "macro_variables_group": "FCXXX_US_p2q", "lag": 0}, {"transformation_type": "none", "macro_variable_name": "FMUVIM_US", "macro_variables_group": "FMUVIM_US", "lag": 0}, {"transformation_type": "p1y", "macro_variable_name": "FCPWTI_US", "macro_variables_group": "FCPWTI_US_p1y", "lag": 0}, {"transformation_type": "p1q", "macro_variable_name": "FLBU_US", "macro_variables_group": "FLBU_US_p1q", "lag": 0}, {"transformation_type": "none", "macro_variable_name": "FLBR_US", "macro_variables_group": "FLBR_US_l6m", "lag": 6}, {"transformation_type": "p1y", "macro_variable_name": "FCBC_US", "macro_variables_group": "FCBC_US_p1y", "lag": 0}, {"transformation_type": "p1y", "macro_variable_name": "FCPIU_US", "macro_variables_group": "FCPIU_US_p4q", "lag": 0}, {"transformation_type": "p1y", "macro_variable_name": "FSVQ_US", "macro_variables_group": "FSVQ_US_p1y", "lag": 0}, {"transformation_type": "p1y", "macro_variable_name": "FCD_US", "macro_variables_group": "FCD_US_p1y", "lag": 0}, {"transformation_type": "p2q", "macro_variable_name": "FCD_US", "macro_variables_group": "FCD_US_p2q", "lag": 0}], "type": "operation", "name": "macro_variables", "industry": "all", "model_id": "2016-SBNA-Loss-Retail-AUTOLEASE", "version_date": "12/31/2016"}, "5": {"value": [{"operator": null, "operand_1": "FHOFHOPIQ_US_p1y", "combination": "FHOFHOPIQ_US_p1y", "operand_2": null}, {"operator": null, "operand_1": "FHOFHOPIQ_US_p2q", "combination": "FHOFHOPIQ_US_p2q", "operand_2": null}, {"operator": null, "operand_1": "FHOFHOPIQ_US_p1m", "combination": "FHOFHOPIQ_US_p1m", "operand_2": null}, {"operator": null, "operand_1": "FCXXX_US_p2q", "combination": "FCXXX_US_p2q", "operand_2": null}, {"operator": null, "operand_1": "FMUVIM_US", "combination": "FMUVIM_US", "operand_2": null}, {"operator": null, "operand_1": "FCPWTI_US_p1y", "combination": "FCPWTI_US_p1y", "operand_2": null}, {"operator": null, "operand_1": "FLBU_US_p1q", "combination": "FLBU_US_p1q", "operand_2": null}, {"operator": null, "operand_1": "FLBR_US_l6m", "combination": "FLBR_US_l6m", "operand_2": null}, {"operator": null, "operand_1": "FCBC_US_p1y", "combination": "FCBC_US_p1y", "operand_2": null}, {"operator": null, "operand_1": "FCPIU_US_p4q", "combination": "FCPIU_US_p4q", "operand_2": null}, {"operator": null, "operand_1": "FSVQ_US_p1y", "combination": "FSVQ_US_p1y", "operand_2": null}, {"operator": null, "operand_1": "FCD_US_p1y", "combination": "FCD_US_p1y", "operand_2": null}, {"operator": null, "operand_1": "FCD_US_p2q", "combination": "FCD_US_p2q", "operand_2": null}], "type": "operation", "name": "macro_variable_combinations", "industry": "all", "model_id": "2016-SBNA-Loss-Retail-AUTOLEASE", "version_date": "12/31/2016"}, "6": {"value": [{"transformation_type": "p2q", "macro_variable_name": "FRFHFBE_US", "macro_variables_group": "FRFHFBE_US_p2q_l1q", "lag": 1}, {"transformation_type": "p2q", "macro_variable_name": "FLBR_US", "macro_variables_group": "FLBR_US_p2q_l1q", "lag": 1}, {"transformation_type": "p2q", "macro_variable_name": "FHOFHOPIQ_US", "macro_variables_group": "FHOFHOPIQ_US_p2q", "lag": 0}, {"transformation_type": "none", "macro_variable_name": "FLBR_US", "macro_variables_group": "FLBR_US_l1q", "lag": 1}, {"transformation_type": "none", "macro_variable_name": "FLBR_US", "macro_variables_group": "FLBR_US_l2q", "lag": 2}, {"transformation_type": "log", "macro_variable_name": "FCBC_US", "macro_variables_group": "FCBC_US_log", "lag": 0}, {"transformation_type": "log", "macro_variable_name": "FLBR_US", "macro_variables_group": "FLBR_US_log", "lag": 0}, {"transformation_type": "p1q", "macro_variable_name": "FCBC_US", "macro_variables_group": "FCBC_US_p1q", "lag": 0}, {"transformation_type": "p1q", "macro_variable_name": "FCBC_US", "macro_variables_group": "FCBC_US_p1q_l1q", "lag": 1}, {"transformation_type": "p1q", "macro_variable_name": "FHOFHOPIQ_US", "macro_variables_group": "FHOFHOPIQ_US_p1q", "lag": 0}, {"transformation_type": "none", "macro_variable_name": "FRILIBOR12M_US", "macro_variables_group": "FRILIBOR12M_US_l1q", "lag": 1}, {"transformation_type": "p1y", "macro_variable_name": "FHOFHOPIQ_US", "macro_variables_group": "FHOFHOPIQ_US_p1y_l1q", "lag": 1}, {"transformation_type": "p1y", "macro_variable_name": "FLBR_US", "macro_variables_group": "FLBR_US_p1y_l1q", "lag": 1}, {"transformation_type": "p1y", "macro_variable_name": "FLBR_US", "macro_variables_group": "FLBR_US_p1y", "lag": 0}], "type": "operation", "name": "macro_variables", "industry": "all", "model_id": "2016-SBNA-Loss-Retail-MORTGAGE", "version_date": "06/30/2017"}, "7": {"value": [{"operator": null, "operand_1": "FRFHFBE_US_p2q_l1q", "combination": "FRFHFBE_US_p2q_l1q", "operand_2": null}, {"operator": null, "operand_1": "FLBR_US_p2q_l1q", "combination": "FLBR_US_p2q_l1q", "operand_2": null}, {"operator": null, "operand_1": "FHOFHOPIQ_US_p2q", "combination": "FHOFHOPIQ_US_p2q", "operand_2": null}, {"operator": null, "operand_1": "FLBR_US_l1q", "combination": "FLBR_US_l1q", "operand_2": null}, {"operator": null, "operand_1": "FLBR_US_l2q", "combination": "FLBR_US_l2q", "operand_2": null}, {"operator": null, "operand_1": "FCBC_US_log", "combination": "FCBC_US_log", "operand_2": null}, {"operator": null, "operand_1": "FLBR_US_log", "combination": "FLBR_US_log", "operand_2": null}, {"operator": null, "operand_1": "FCBC_US_p1q", "combination": "FCBC_US_p1q", "operand_2": null}, {"operator": null, "operand_1": "FCBC_US_p1q_l1q", "combination": "FCBC_US_p1q_l1q", "operand_2": null}, {"operator": null, "operand_1": "FHOFHOPIQ_US_p1q", "combination": "FHOFHOPIQ_US_p1q", "operand_2": null}, {"operator": null, "operand_1": "FRILIBOR12M_US_l1q", "combination": "FRILIBOR12M_US_l1q", "operand_2": null}, {"operator": null, "operand_1": "FHOFHOPIQ_US_p1y_l1q", "combination": "FHOFHOPIQ_US_p1y_l1q", "operand_2": null}, {"operator": null, "operand_1": "FLBR_US_p1y_l1q", "combination": "FLBR_US_p1y_l1q", "operand_2": null}, {"operator": null, "operand_1": "FLBR_US_p1y", "combination": "FLBR_US_p1y", "operand_2": null}], "type": "operation", "name": "macro_variable_combinations", "industry": "all", "model_id": "2016-SBNA-Loss-Retail-MORTGAGE", "version_date": "06/30/2017"}, "8": {"value": [{"transformation_type": "p2q", "macro_variable_name": "FCBC_US", "macro_variables_group": "FCBC_US_p2q", "lag": 0}, {"transformation_type": "p2q", "macro_variable_name": "FHOFHOPIQ_US", "macro_variables_group": "FHOFHOPIQ_US_p2q", "lag": 0}, {"transformation_type": "p2q", "macro_variable_name": "FLBR_US", "macro_variables_group": "FLBR_US_p2q_l1q", "lag": 1}, {"transformation_type": "p2q", "macro_variable_name": "FRPRIME_US", "macro_variables_group": "FRPRIME_US_p2q", "lag": 0}, {"transformation_type": "none", "macro_variable_name": "FLBR_US", "macro_variables_group": "FLBR_US_l2q", "lag": 2}, {"transformation_type": "log", "macro_variable_name": "FCBC_US", "macro_variables_group": "FCBC_US_log", "lag": 0}, {"transformation_type": "log", "macro_variable_name": "FRPRIME_US", "macro_variables_group": "FRPRIME_US_log_l2q", "lag": 2}, {"transformation_type": "p1q", "macro_variable_name": "FHOFHOPIQ_US", "macro_variables_group": "FHOFHOPIQ_US_p1q", "lag": 0}], "type": "operation", "name": "macro_variables", "industry": "all", "model_id": "2016-SBNA-Loss-Retail-HELOC", "version_date": "06/30/2017"}, "9": {"value": [{"operator": null, "operand_1": "FCBC_US_p2q", "combination": "FCBC_US_p2q", "operand_2": null}, {"operator": null, "operand_1": "FHOFHOPIQ_US_p2q", "combination": "FHOFHOPIQ_US_p2q", "operand_2": null}, {"operator": null, "operand_1": "FLBR_US_p2q_l1q", "combination": "FLBR_US_p2q_l1q", "operand_2": null}, {"operator": null, "operand_1": "FRPRIME_US_p2q", "combination": "FRPRIME_US_p2q", "operand_2": null}, {"operator": null, "operand_1": "FLBR_US_l2q", "combination": "FLBR_US_l2q", "operand_2": null}, {"operator": null, "operand_1": "FCBC_US_log", "combination": "FCBC_US_log", "operand_2": null}, {"operator": null, "operand_1": "FRPRIME_US_log_l2q", "combination": "FRPRIME_US_log_l2q", "operand_2": null}, {"operator": null, "operand_1": "FHOFHOPIQ_US_p1q", "combination": "FHOFHOPIQ_US_p1q", "operand_2": null}], "type": "operation", "name": "macro_variable_combinations", "industry": "all", "model_id": "2016-SBNA-Loss-Retail-HELOC", "version_date": "06/30/2017"}, "10": {"value": [{"transformation_type": "p1y", "macro_variable_name": "FHOFHOPIQ_US", "macro_variables_group": "FHOFHOPIQ_US_p1y", "lag": 0}, {"transformation_type": "p2q", "macro_variable_name": "FHOFHOPIQ_US", "macro_variables_group": "FHOFHOPIQ_US_p2q", "lag": 0}, {"transformation_type": "p1m", "macro_variable_name": "FHOFHOPIQ_US", "macro_variables_group": "FHOFHOPIQ_US_p1m", "lag": 0}, {"transformation_type": "p2q", "macro_variable_name": "FCXXX_US", "macro_variables_group": "FCXXX_US_p2q", "lag": 0}, {"transformation_type": "none", "macro_variable_name": "FMUVIM_US", "macro_variables_group": "FMUVIM_US", "lag": 0}, {"transformation_type": "p1y", "macro_variable_name": "FCPWTI_US", "macro_variables_group": "FCPWTI_US_p1y", "lag": 0}, {"transformation_type": "p1q", "macro_variable_name": "FLBU_US", "macro_variables_group": "FLBU_US_p1q", "lag": 0}, {"transformation_type": "none", "macro_variable_name": "FLBR_US", "macro_variables_group": "FLBR_US_l6m", "lag": 6}, {"transformation_type": "p1y", "macro_variable_name": "FCBC_US", "macro_variables_group": "FCBC_US_p1y", "lag": 0}, {"transformation_type": "p1y", "macro_variable_name": "FCPIU_US", "macro_variables_group": "FCPIU_US_p4q", "lag": 0}, {"transformation_type": "p1y", "macro_variable_name": "FSVQ_US", "macro_variables_group": "FSVQ_US_p1y", "lag": 0}, {"transformation_type": "p1y", "macro_variable_name": "FCD_US", "macro_variables_group": "FCD_US_p1y", "lag": 0}, {"transformation_type": "p2q", "macro_variable_name": "FCD_US", "macro_variables_group": "FCD_US_p2q", "lag": 0}], "type": "operation", "name": "macro_variables", "industry": "all", "model_id": "2016-SBNA-Loss-Retail-AUTOLEASE", "version_date": "06/30/2017"}, "11": {"value": [{"operator": null, "operand_1": "FHOFHOPIQ_US_p1y", "combination": "FHOFHOPIQ_US_p1y", "operand_2": null}, {"operator": null, "operand_1": "FHOFHOPIQ_US_p2q", "combination": "FHOFHOPIQ_US_p2q", "operand_2": null}, {"operator": null, "operand_1": "FHOFHOPIQ_US_p1m", "combination": "FHOFHOPIQ_US_p1m", "operand_2": null}, {"operator": null, "operand_1": "FCXXX_US_p2q", "combination": "FCXXX_US_p2q", "operand_2": null}, {"operator": null, "operand_1": "FMUVIM_US", "combination": "FMUVIM_US", "operand_2": null}, {"operator": null, "operand_1": "FCPWTI_US_p1y", "combination": "FCPWTI_US_p1y", "operand_2": null}, {"operator": null, "operand_1": "FLBU_US_p1q", "combination": "FLBU_US_p1q", "operand_2": null}, {"operator": null, "operand_1": "FLBR_US_l6m", "combination": "FLBR_US_l6m", "operand_2": null}, {"operator": null, "operand_1": "FCBC_US_p1y", "combination": "FCBC_US_p1y", "operand_2": null}, {"operator": null, "operand_1": "FCPIU_US_p4q", "combination": "FCPIU_US_p4q", "operand_2": null}, {"operator": null, "operand_1": "FSVQ_US_p1y", "combination": "FSVQ_US_p1y", "operand_2": null}, {"operator": null, "operand_1": "FCD_US_p1y", "combination": "FCD_US_p1y", "operand_2": null}, {"operator": null, "operand_1": "FCD_US_p2q", "combination": "FCD_US_p2q", "operand_2": null}], "type": "operation", "name": "macro_variable_combinations", "industry": "all", "model_id": "2016-SBNA-Loss-Retail-AUTOLEASE", "version_date": "06/30/2017"}, "12": {"value": [{"transformation_type": "p2q", "macro_variable_name": "FRFHFBE_US", "macro_variables_group": "FRFHFBE_US_p2q_l1q", "lag": 1}, {"transformation_type": "p2q", "macro_variable_name": "FLBR_US", "macro_variables_group": "FLBR_US_p2q_l1q", "lag": 1}, {"transformation_type": "p2q", "macro_variable_name": "FHOFHOPIQ_US", "macro_variables_group": "FHOFHOPIQ_US_p2q", "lag": 0}, {"transformation_type": "none", "macro_variable_name": "FLBR_US", "macro_variables_group": "FLBR_US_l1q", "lag": 1}, {"transformation_type": "none", "macro_variable_name": "FLBR_US", "macro_variables_group": "FLBR_US_l2q", "lag": 2}, {"transformation_type": "log", "macro_variable_name": "FCBC_US", "macro_variables_group": "FCBC_US_log", "lag": 0}, {"transformation_type": "log", "macro_variable_name": "FLBR_US", "macro_variables_group": "FLBR_US_log", "lag": 0}, {"transformation_type": "p1q", "macro_variable_name": "FCBC_US", "macro_variables_group": "FCBC_US_p1q", "lag": 0}, {"transformation_type": "p1q", "macro_variable_name": "FCBC_US", "macro_variables_group": "FCBC_US_p1q_l1q", "lag": 1}, {"transformation_type": "p1q", "macro_variable_name": "FHOFHOPIQ_US", "macro_variables_group": "FHOFHOPIQ_US_p1q", "lag": 0}, {"transformation_type": "none", "macro_variable_name": "FRILIBOR12M_US", "macro_variables_group": "FRILIBOR12M_US_l1q", "lag": 1}, {"transformation_type": "p1y", "macro_variable_name": "FHOFHOPIQ_US", "macro_variables_group": "FHOFHOPIQ_US_p1y_l1q", "lag": 1}, {"transformation_type": "p1y", "macro_variable_name": "FLBR_US", "macro_variables_group": "FLBR_US_p1y_l1q", "lag": 1}, {"transformation_type": "p1y", "macro_variable_name": "FLBR_US", "macro_variables_group": "FLBR_US_p1y", "lag": 0}], "type": "operation", "name": "macro_variables", "industry": "all", "model_id": "2016-SBNA-Loss-Retail-MORTGAGE", "version_date": "03/31/2017"}, "13": {"value": [{"operator": null, "operand_1": "FRFHFBE_US_p2q_l1q", "combination": "FRFHFBE_US_p2q_l1q", "operand_2": null}, {"operator": null, "operand_1": "FLBR_US_p2q_l1q", "combination": "FLBR_US_p2q_l1q", "operand_2": null}, {"operator": null, "operand_1": "FHOFHOPIQ_US_p2q", "combination": "FHOFHOPIQ_US_p2q", "operand_2": null}, {"operator": null, "operand_1": "FLBR_US_l1q", "combination": "FLBR_US_l1q", "operand_2": null}, {"operator": null, "operand_1": "FLBR_US_l2q", "combination": "FLBR_US_l2q", "operand_2": null}, {"operator": null, "operand_1": "FCBC_US_log", "combination": "FCBC_US_log", "operand_2": null}, {"operator": null, "operand_1": "FLBR_US_log", "combination": "FLBR_US_log", "operand_2": null}, {"operator": null, "operand_1": "FCBC_US_p1q", "combination": "FCBC_US_p1q", "operand_2": null}, {"operator": null, "operand_1": "FCBC_US_p1q_l1q", "combination": "FCBC_US_p1q_l1q", "operand_2": null}, {"operator": null, "operand_1": "FHOFHOPIQ_US_p1q", "combination": "FHOFHOPIQ_US_p1q", "operand_2": null}, {"operator": null, "operand_1": "FRILIBOR12M_US_l1q", "combination": "FRILIBOR12M_US_l1q", "operand_2": null}, {"operator": null, "operand_1": "FHOFHOPIQ_US_p1y_l1q", "combination": "FHOFHOPIQ_US_p1y_l1q", "operand_2": null}, {"operator": null, "operand_1": "FLBR_US_p1y_l1q", "combination": "FLBR_US_p1y_l1q", "operand_2": null}, {"operator": null, "operand_1": "FLBR_US_p1y", "combination": "FLBR_US_p1y", "operand_2": null}], "type": "operation", "name": "macro_variable_combinations", "industry": "all", "model_id": "2016-SBNA-Loss-Retail-MORTGAGE", "version_date": "03/31/2017"}, "14": {"value": [{"transformation_type": "p2q", "macro_variable_name": "FCBC_US", "macro_variables_group": "FCBC_US_p2q", "lag": 0}, {"transformation_type": "p2q", "macro_variable_name": "FHOFHOPIQ_US", "macro_variables_group": "FHOFHOPIQ_US_p2q", "lag": 0}, {"transformation_type": "p2q", "macro_variable_name": "FLBR_US", "macro_variables_group": "FLBR_US_p2q_l1q", "lag": 1}, {"transformation_type": "p2q", "macro_variable_name": "FRPRIME_US", "macro_variables_group": "FRPRIME_US_p2q", "lag": 0}, {"transformation_type": "none", "macro_variable_name": "FLBR_US", "macro_variables_group": "FLBR_US_l2q", "lag": 2}, {"transformation_type": "log", "macro_variable_name": "FCBC_US", "macro_variables_group": "FCBC_US_log", "lag": 0}, {"transformation_type": "log", "macro_variable_name": "FRPRIME_US", "macro_variables_group": "FRPRIME_US_log_l2q", "lag": 2}, {"transformation_type": "p1q", "macro_variable_name": "FHOFHOPIQ_US", "macro_variables_group": "FHOFHOPIQ_US_p1q", "lag": 0}], "type": "operation", "name": "macro_variables", "industry": "all", "model_id": "2016-SBNA-Loss-Retail-HELOC", "version_date": "03/31/2017"}, "15": {"value": [{"operator": null, "operand_1": "FCBC_US_p2q", "combination": "FCBC_US_p2q", "operand_2": null}, {"operator": null, "operand_1": "FHOFHOPIQ_US_p2q", "combination": "FHOFHOPIQ_US_p2q", "operand_2": null}, {"operator": null, "operand_1": "FLBR_US_p2q_l1q", "combination": "FLBR_US_p2q_l1q", "operand_2": null}, {"operator": null, "operand_1": "FRPRIME_US_p2q", "combination": "FRPRIME_US_p2q", "operand_2": null}, {"operator": null, "operand_1": "FLBR_US_l2q", "combination": "FLBR_US_l2q", "operand_2": null}, {"operator": null, "operand_1": "FCBC_US_log", "combination": "FCBC_US_log", "operand_2": null}, {"operator": null, "operand_1": "FRPRIME_US_log_l2q", "combination": "FRPRIME_US_log_l2q", "operand_2": null}, {"operator": null, "operand_1": "FHOFHOPIQ_US_p1q", "combination": "FHOFHOPIQ_US_p1q", "operand_2": null}], "type": "operation", "name": "macro_variable_combinations", "industry": "all", "model_id": "2016-SBNA-Loss-Retail-HELOC", "version_date": "03/31/2017"}, "16": {"value": [{"transformation_type": "p1y", "macro_variable_name": "FHOFHOPIQ_US", "macro_variables_group": "FHOFHOPIQ_US_p1y", "lag": 0}, {"transformation_type": "p2q", "macro_variable_name": "FHOFHOPIQ_US", "macro_variables_group": "FHOFHOPIQ_US_p2q", "lag": 0}, {"transformation_type": "p1m", "macro_variable_name": "FHOFHOPIQ_US", "macro_variables_group": "FHOFHOPIQ_US_p1m", "lag": 0}, {"transformation_type": "p2q", "macro_variable_name": "FCXXX_US", "macro_variables_group": "FCXXX_US_p2q", "lag": 0}, {"transformation_type": "none", "macro_variable_name": "FMUVIM_US", "macro_variables_group": "FMUVIM_US", "lag": 0}, {"transformation_type": "p1y", "macro_variable_name": "FCPWTI_US", "macro_variables_group": "FCPWTI_US_p1y", "lag": 0}, {"transformation_type": "p1q", "macro_variable_name": "FLBU_US", "macro_variables_group": "FLBU_US_p1q", "lag": 0}, {"transformation_type": "none", "macro_variable_name": "FLBR_US", "macro_variables_group": "FLBR_US_l6m", "lag": 6}, {"transformation_type": "p1y", "macro_variable_name": "FCBC_US", "macro_variables_group": "FCBC_US_p1y", "lag": 0}, {"transformation_type": "p1y", "macro_variable_name": "FCPIU_US", "macro_variables_group": "FCPIU_US_p4q", "lag": 0}, {"transformation_type": "p1y", "macro_variable_name": "FSVQ_US", "macro_variables_group": "FSVQ_US_p1y", "lag": 0}, {"transformation_type": "p1y", "macro_variable_name": "FCD_US", "macro_variables_group": "FCD_US_p1y", "lag": 0}, {"transformation_type": "p2q", "macro_variable_name": "FCD_US", "macro_variables_group": "FCD_US_p2q", "lag": 0}], "type": "operation", "name": "macro_variables", "industry": "all", "model_id": "2016-SBNA-Loss-Retail-AUTOLEASE", "version_date": "03/31/2017"}, "17": {"value": [{"operator": null, "operand_1": "FHOFHOPIQ_US_p1y", "combination": "FHOFHOPIQ_US_p1y", "operand_2": null}, {"operator": null, "operand_1": "FHOFHOPIQ_US_p2q", "combination": "FHOFHOPIQ_US_p2q", "operand_2": null}, {"operator": null, "operand_1": "FHOFHOPIQ_US_p1m", "combination": "FHOFHOPIQ_US_p1m", "operand_2": null}, {"operator": null, "operand_1": "FCXXX_US_p2q", "combination": "FCXXX_US_p2q", "operand_2": null}, {"operator": null, "operand_1": "FMUVIM_US", "combination": "FMUVIM_US", "operand_2": null}, {"operator": null, "operand_1": "FCPWTI_US_p1y", "combination": "FCPWTI_US_p1y", "operand_2": null}, {"operator": null, "operand_1": "FLBU_US_p1q", "combination": "FLBU_US_p1q", "operand_2": null}, {"operator": null, "operand_1": "FLBR_US_l6m", "combination": "FLBR_US_l6m", "operand_2": null}, {"operator": null, "operand_1": "FCBC_US_p1y", "combination": "FCBC_US_p1y", "operand_2": null}, {"operator": null, "operand_1": "FCPIU_US_p4q", "combination": "FCPIU_US_p4q", "operand_2": null}, {"operator": null, "operand_1": "FSVQ_US_p1y", "combination": "FSVQ_US_p1y", "operand_2": null}, {"operator": null, "operand_1": "FCD_US_p1y", "combination": "FCD_US_p1y", "operand_2": null}, {"operator": null, "operand_1": "FCD_US_p2q", "combination": "FCD_US_p2q", "operand_2": null}], "type": "operation", "name": "macro_variable_combinations", "industry": "all", "model_id": "2016-SBNA-Loss-Retail-AUTOLEASE", "version_date": "03/31/2017"}, "18": {"value": [{"transformation_type": "p2q", "macro_variable_name": "FRFHFBE_US", "macro_variables_group": "FRFHFBE_US_p2q_l1q", "lag": 1}, {"transformation_type": "p2q", "macro_variable_name": "FLBR_US", "macro_variables_group": "FLBR_US_p2q_l1q", "lag": 1}, {"transformation_type": "p2q", "macro_variable_name": "FHOFHOPIQ_US", "macro_variables_group": "FHOFHOPIQ_US_p2q", "lag": 0}, {"transformation_type": "none", "macro_variable_name": "FLBR_US", "macro_variables_group": "FLBR_US_l1q", "lag": 1}, {"transformation_type": "none", "macro_variable_name": "FLBR_US", "macro_variables_group": "FLBR_US_l2q", "lag": 2}, {"transformation_type": "log", "macro_variable_name": "FCBC_US", "macro_variables_group": "FCBC_US_log", "lag": 0}, {"transformation_type": "log", "macro_variable_name": "FLBR_US", "macro_variables_group": "FLBR_US_log", "lag": 0}, {"transformation_type": "p1q", "macro_variable_name": "FCBC_US", "macro_variables_group": "FCBC_US_p1q", "lag": 0}, {"transformation_type": "p1q", "macro_variable_name": "FCBC_US", "macro_variables_group": "FCBC_US_p1q_l1q", "lag": 1}, {"transformation_type": "p1q", "macro_variable_name": "FHOFHOPIQ_US", "macro_variables_group": "FHOFHOPIQ_US_p1q", "lag": 0}, {"transformation_type": "none", "macro_variable_name": "FRILIBOR12M_US", "macro_variables_group": "FRILIBOR12M_US_l1q", "lag": 1}, {"transformation_type": "p1y", "macro_variable_name": "FHOFHOPIQ_US", "macro_variables_group": "FHOFHOPIQ_US_p1y_l1q", "lag": 1}, {"transformation_type": "p1y", "macro_variable_name": "FLBR_US", "macro_variables_group": "FLBR_US_p1y_l1q", "lag": 1}, {"transformation_type": "p1y", "macro_variable_name": "FLBR_US", "macro_variables_group": "FLBR_US_p1y", "lag": 0}], "type": "operation", "name": "macro_variables", "industry": "all", "model_id": "2016-SBNA-Loss-Retail-MORTGAGE", "version_date": "09/30/2017"}, "19": {"value": [{"operator": null, "operand_1": "FRFHFBE_US_p2q_l1q", "combination": "FRFHFBE_US_p2q_l1q", "operand_2": null}, {"operator": null, "operand_1": "FLBR_US_p2q_l1q", "combination": "FLBR_US_p2q_l1q", "operand_2": null}, {"operator": null, "operand_1": "FHOFHOPIQ_US_p2q", "combination": "FHOFHOPIQ_US_p2q", "operand_2": null}, {"operator": null, "operand_1": "FLBR_US_l1q", "combination": "FLBR_US_l1q", "operand_2": null}, {"operator": null, "operand_1": "FLBR_US_l2q", "combination": "FLBR_US_l2q", "operand_2": null}, {"operator": null, "operand_1": "FCBC_US_log", "combination": "FCBC_US_log", "operand_2": null}, {"operator": null, "operand_1": "FLBR_US_log", "combination": "FLBR_US_log", "operand_2": null}, {"operator": null, "operand_1": "FCBC_US_p1q", "combination": "FCBC_US_p1q", "operand_2": null}, {"operator": null, "operand_1": "FCBC_US_p1q_l1q", "combination": "FCBC_US_p1q_l1q", "operand_2": null}, {"operator": null, "operand_1": "FHOFHOPIQ_US_p1q", "combination": "FHOFHOPIQ_US_p1q", "operand_2": null}, {"operator": null, "operand_1": "FRILIBOR12M_US_l1q", "combination": "FRILIBOR12M_US_l1q", "operand_2": null}, {"operator": null, "operand_1": "FHOFHOPIQ_US_p1y_l1q", "combination": "FHOFHOPIQ_US_p1y_l1q", "operand_2": null}, {"operator": null, "operand_1": "FLBR_US_p1y_l1q", "combination": "FLBR_US_p1y_l1q", "operand_2": null}, {"operator": null, "operand_1": "FLBR_US_p1y", "combination": "FLBR_US_p1y", "operand_2": null}], "type": "operation", "name": "macro_variable_combinations", "industry": "all", "model_id": "2016-SBNA-Loss-Retail-MORTGAGE", "version_date": "09/30/2017"}, "20": {"value": [{"transformation_type": "p2q", "macro_variable_name": "FCBC_US", "macro_variables_group": "FCBC_US_p2q", "lag": 0}, {"transformation_type": "p2q", "macro_variable_name": "FHOFHOPIQ_US", "macro_variables_group": "FHOFHOPIQ_US_p2q", "lag": 0}, {"transformation_type": "p2q", "macro_variable_name": "FLBR_US", "macro_variables_group": "FLBR_US_p2q_l1q", "lag": 1}, {"transformation_type": "p2q", "macro_variable_name": "FRPRIME_US", "macro_variables_group": "FRPRIME_US_p2q", "lag": 0}, {"transformation_type": "none", "macro_variable_name": "FLBR_US", "macro_variables_group": "FLBR_US_l2q", "lag": 2}, {"transformation_type": "log", "macro_variable_name": "FCBC_US", "macro_variables_group": "FCBC_US_log", "lag": 0}, {"transformation_type": "log", "macro_variable_name": "FRPRIME_US", "macro_variables_group": "FRPRIME_US_log_l2q", "lag": 2}, {"transformation_type": "p1q", "macro_variable_name": "FHOFHOPIQ_US", "macro_variables_group": "FHOFHOPIQ_US_p1q", "lag": 0}], "type": "operation", "name": "macro_variables", "industry": "all", "model_id": "2016-SBNA-Loss-Retail-HELOC", "version_date": "09/30/2017"}, "21": {"value": [{"operator": null, "operand_1": "FCBC_US_p2q", "combination": "FCBC_US_p2q", "operand_2": null}, {"operator": null, "operand_1": "FHOFHOPIQ_US_p2q", "combination": "FHOFHOPIQ_US_p2q", "operand_2": null}, {"operator": null, "operand_1": "FLBR_US_p2q_l1q", "combination": "FLBR_US_p2q_l1q", "operand_2": null}, {"operator": null, "operand_1": "FRPRIME_US_p2q", "combination": "FRPRIME_US_p2q", "operand_2": null}, {"operator": null, "operand_1": "FLBR_US_l2q", "combination": "FLBR_US_l2q", "operand_2": null}, {"operator": null, "operand_1": "FCBC_US_log", "combination": "FCBC_US_log", "operand_2": null}, {"operator": null, "operand_1": "FRPRIME_US_log_l2q", "combination": "FRPRIME_US_log_l2q", "operand_2": null}, {"operator": null, "operand_1": "FHOFHOPIQ_US_p1q", "combination": "FHOFHOPIQ_US_p1q", "operand_2": null}], "type": "operation", "name": "macro_variable_combinations", "industry": "all", "model_id": "2016-SBNA-Loss-Retail-HELOC", "version_date": "09/30/2017"}, "22": {"value": [{"transformation_type": "p1y", "macro_variable_name": "FHOFHOPIQ_US", "macro_variables_group": "FHOFHOPIQ_US_p1y", "lag": 0}, {"transformation_type": "p2q", "macro_variable_name": "FHOFHOPIQ_US", "macro_variables_group": "FHOFHOPIQ_US_p2q", "lag": 0}, {"transformation_type": "p1m", "macro_variable_name": "FHOFHOPIQ_US", "macro_variables_group": "FHOFHOPIQ_US_p1m", "lag": 0}, {"transformation_type": "p2q", "macro_variable_name": "FCXXX_US", "macro_variables_group": "FCXXX_US_p2q", "lag": 0}, {"transformation_type": "none", "macro_variable_name": "FMUVIM_US", "macro_variables_group": "FMUVIM_US", "lag": 0}, {"transformation_type": "p1y", "macro_variable_name": "FCPWTI_US", "macro_variables_group": "FCPWTI_US_p1y", "lag": 0}, {"transformation_type": "p1q", "macro_variable_name": "FLBU_US", "macro_variables_group": "FLBU_US_p1q", "lag": 0}, {"transformation_type": "none", "macro_variable_name": "FLBR_US", "macro_variables_group": "FLBR_US_l6m", "lag": 6}, {"transformation_type": "p1y", "macro_variable_name": "FCBC_US", "macro_variables_group": "FCBC_US_p1y", "lag": 0}, {"transformation_type": "p1y", "macro_variable_name": "FCPIU_US", "macro_variables_group": "FCPIU_US_p4q", "lag": 0}, {"transformation_type": "p1y", "macro_variable_name": "FSVQ_US", "macro_variables_group": "FSVQ_US_p1y", "lag": 0}, {"transformation_type": "p1y", "macro_variable_name": "FCD_US", "macro_variables_group": "FCD_US_p1y", "lag": 0}, {"transformation_type": "p2q", "macro_variable_name": "FCD_US", "macro_variables_group": "FCD_US_p2q", "lag": 0}], "type": "operation", "name": "macro_variables", "industry": "all", "model_id": "2016-SBNA-Loss-Retail-AUTOLEASE", "version_date": "09/30/2017"}, "23": {"value": [{"operator": null, "operand_1": "FHOFHOPIQ_US_p1y", "combination": "FHOFHOPIQ_US_p1y", "operand_2": null}, {"operator": null, "operand_1": "FHOFHOPIQ_US_p2q", "combination": "FHOFHOPIQ_US_p2q", "operand_2": null}, {"operator": null, "operand_1": "FHOFHOPIQ_US_p1m", "combination": "FHOFHOPIQ_US_p1m", "operand_2": null}, {"operator": null, "operand_1": "FCXXX_US_p2q", "combination": "FCXXX_US_p2q", "operand_2": null}, {"operator": null, "operand_1": "FMUVIM_US", "combination": "FMUVIM_US", "operand_2": null}, {"operator": null, "operand_1": "FCPWTI_US_p1y", "combination": "FCPWTI_US_p1y", "operand_2": null}, {"operator": null, "operand_1": "FLBU_US_p1q", "combination": "FLBU_US_p1q", "operand_2": null}, {"operator": null, "operand_1": "FLBR_US_l6m", "combination": "FLBR_US_l6m", "operand_2": null}, {"operator": null, "operand_1": "FCBC_US_p1y", "combination": "FCBC_US_p1y", "operand_2": null}, {"operator": null, "operand_1": "FCPIU_US_p4q", "combination": "FCPIU_US_p4q", "operand_2": null}, {"operator": null, "operand_1": "FSVQ_US_p1y", "combination": "FSVQ_US_p1y", "operand_2": null}, {"operator": null, "operand_1": "FCD_US_p1y", "combination": "FCD_US_p1y", "operand_2": null}, {"operator": null, "operand_1": "FCD_US_p2q", "combination": "FCD_US_p2q", "operand_2": null}], "type": "operation", "name": "macro_variable_combinations", "industry": "all", "model_id": "2016-SBNA-Loss-Retail-AUTOLEASE", "version_date": "09/30/2017"}, "24": {"value": [{"transformation_type": "p2q", "macro_variable_name": "FRFHFBE_US", "macro_variables_group": "FRFHFBE_US_p2q_l1q", "lag": 1}, {"transformation_type": "p2q", "macro_variable_name": "FLBR_US", "macro_variables_group": "FLBR_US_p2q_l1q", "lag": 1}, {"transformation_type": "p2q", "macro_variable_name": "FHOFHOPIQ_US", "macro_variables_group": "FHOFHOPIQ_US_p2q", "lag": 0}, {"transformation_type": "none", "macro_variable_name": "FLBR_US", "macro_variables_group": "FLBR_US_l1q", "lag": 1}, {"transformation_type": "none", "macro_variable_name": "FLBR_US", "macro_variables_group": "FLBR_US_l2q", "lag": 2}, {"transformation_type": "log", "macro_variable_name": "FCBC_US", "macro_variables_group": "FCBC_US_log", "lag": 0}, {"transformation_type": "log", "macro_variable_name": "FLBR_US", "macro_variables_group": "FLBR_US_log", "lag": 0}, {"transformation_type": "p1q", "macro_variable_name": "FCBC_US", "macro_variables_group": "FCBC_US_p1q", "lag": 0}, {"transformation_type": "p1q", "macro_variable_name": "FCBC_US", "macro_variables_group": "FCBC_US_p1q_l1q", "lag": 1}, {"transformation_type": "p1q", "macro_variable_name": "FHOFHOPIQ_US", "macro_variables_group": "FHOFHOPIQ_US_p1q", "lag": 0}, {"transformation_type": "none", "macro_variable_name": "FRILIBOR12M_US", "macro_variables_group": "FRILIBOR12M_US_l1q", "lag": 1}, {"transformation_type": "p1y", "macro_variable_name": "FHOFHOPIQ_US", "macro_variables_group": "FHOFHOPIQ_US_p1y_l1q", "lag": 1}, {"transformation_type": "p1y", "macro_variable_name": "FLBR_US", "macro_variables_group": "FLBR_US_p1y_l1q", "lag": 1}, {"transformation_type": "p1y", "macro_variable_name": "FLBR_US", "macro_variables_group": "FLBR_US_p1y", "lag": 0}], "type": "operation", "name": "macro_variables", "industry": "all", "model_id": "2016-SBNA-Loss-Retail-MORTGAGE", "version_date": "12/31/2017"}, "25": {"value": [{"operator": null, "operand_1": "FRFHFBE_US_p2q_l1q", "combination": "FRFHFBE_US_p2q_l1q", "operand_2": null}, {"operator": null, "operand_1": "FLBR_US_p2q_l1q", "combination": "FLBR_US_p2q_l1q", "operand_2": null}, {"operator": null, "operand_1": "FHOFHOPIQ_US_p2q", "combination": "FHOFHOPIQ_US_p2q", "operand_2": null}, {"operator": null, "operand_1": "FLBR_US_l1q", "combination": "FLBR_US_l1q", "operand_2": null}, {"operator": null, "operand_1": "FLBR_US_l2q", "combination": "FLBR_US_l2q", "operand_2": null}, {"operator": null, "operand_1": "FCBC_US_log", "combination": "FCBC_US_log", "operand_2": null}, {"operator": null, "operand_1": "FLBR_US_log", "combination": "FLBR_US_log", "operand_2": null}, {"operator": null, "operand_1": "FCBC_US_p1q", "combination": "FCBC_US_p1q", "operand_2": null}, {"operator": null, "operand_1": "FCBC_US_p1q_l1q", "combination": "FCBC_US_p1q_l1q", "operand_2": null}, {"operator": null, "operand_1": "FHOFHOPIQ_US_p1q", "combination": "FHOFHOPIQ_US_p1q", "operand_2": null}, {"operator": null, "operand_1": "FRILIBOR12M_US_l1q", "combination": "FRILIBOR12M_US_l1q", "operand_2": null}, {"operator": null, "operand_1": "FHOFHOPIQ_US_p1y_l1q", "combination": "FHOFHOPIQ_US_p1y_l1q", "operand_2": null}, {"operator": null, "operand_1": "FLBR_US_p1y_l1q", "combination": "FLBR_US_p1y_l1q", "operand_2": null}, {"operator": null, "operand_1": "FLBR_US_p1y", "combination": "FLBR_US_p1y", "operand_2": null}], "type": "operation", "name": "macro_variable_combinations", "industry": "all", "model_id": "2016-SBNA-Loss-Retail-MORTGAGE", "version_date": "12/31/2017"}, "26": {"value": [{"transformation_type": "p2q", "macro_variable_name": "FCBC_US", "macro_variables_group": "FCBC_US_p2q", "lag": 0}, {"transformation_type": "p2q", "macro_variable_name": "FHOFHOPIQ_US", "macro_variables_group": "FHOFHOPIQ_US_p2q", "lag": 0}, {"transformation_type": "p2q", "macro_variable_name": "FLBR_US", "macro_variables_group": "FLBR_US_p2q_l1q", "lag": 1}, {"transformation_type": "p2q", "macro_variable_name": "FRPRIME_US", "macro_variables_group": "FRPRIME_US_p2q", "lag": 0}, {"transformation_type": "none", "macro_variable_name": "FLBR_US", "macro_variables_group": "FLBR_US_l2q", "lag": 2}, {"transformation_type": "log", "macro_variable_name": "FCBC_US", "macro_variables_group": "FCBC_US_log", "lag": 0}, {"transformation_type": "log", "macro_variable_name": "FRPRIME_US", "macro_variables_group": "FRPRIME_US_log_l2q", "lag": 2}, {"transformation_type": "p1q", "macro_variable_name": "FHOFHOPIQ_US", "macro_variables_group": "FHOFHOPIQ_US_p1q", "lag": 0}], "type": "operation", "name": "macro_variables", "industry": "all", "model_id": "2016-SBNA-Loss-Retail-HELOC", "version_date": "12/31/2017"}, "27": {"value": [{"operator": null, "operand_1": "FCBC_US_p2q", "combination": "FCBC_US_p2q", "operand_2": null}, {"operator": null, "operand_1": "FHOFHOPIQ_US_p2q", "combination": "FHOFHOPIQ_US_p2q", "operand_2": null}, {"operator": null, "operand_1": "FLBR_US_p2q_l1q", "combination": "FLBR_US_p2q_l1q", "operand_2": null}, {"operator": null, "operand_1": "FRPRIME_US_p2q", "combination": "FRPRIME_US_p2q", "operand_2": null}, {"operator": null, "operand_1": "FLBR_US_l2q", "combination": "FLBR_US_l2q", "operand_2": null}, {"operator": null, "operand_1": "FCBC_US_log", "combination": "FCBC_US_log", "operand_2": null}, {"operator": null, "operand_1": "FRPRIME_US_log_l2q", "combination": "FRPRIME_US_log_l2q", "operand_2": null}, {"operator": null, "operand_1": "FHOFHOPIQ_US_p1q", "combination": "FHOFHOPIQ_US_p1q", "operand_2": null}], "type": "operation", "name": "macro_variable_combinations", "industry": "all", "model_id": "2016-SBNA-Loss-Retail-HELOC", "version_date": "12/31/2017"}, "28": {"value": [{"transformation_type": "p1y", "macro_variable_name": "FHOFHOPIQ_US", "macro_variables_group": "FHOFHOPIQ_US_p1y", "lag": 0}, {"transformation_type": "p2q", "macro_variable_name": "FHOFHOPIQ_US", "macro_variables_group": "FHOFHOPIQ_US_p2q", "lag": 0}, {"transformation_type": "p1m", "macro_variable_name": "FHOFHOPIQ_US", "macro_variables_group": "FHOFHOPIQ_US_p1m", "lag": 0}, {"transformation_type": "p2q", "macro_variable_name": "FCXXX_US", "macro_variables_group": "FCXXX_US_p2q", "lag": 0}, {"transformation_type": "none", "macro_variable_name": "FMUVIM_US", "macro_variables_group": "FMUVIM_US", "lag": 0}, {"transformation_type": "p1y", "macro_variable_name": "FCPWTI_US", "macro_variables_group": "FCPWTI_US_p1y", "lag": 0}, {"transformation_type": "p1q", "macro_variable_name": "FLBU_US", "macro_variables_group": "FLBU_US_p1q", "lag": 0}, {"transformation_type": "none", "macro_variable_name": "FLBR_US", "macro_variables_group": "FLBR_US_l6m", "lag": 6}, {"transformation_type": "p1y", "macro_variable_name": "FCBC_US", "macro_variables_group": "FCBC_US_p1y", "lag": 0}, {"transformation_type": "p1y", "macro_variable_name": "FCPIU_US", "macro_variables_group": "FCPIU_US_p4q", "lag": 0}, {"transformation_type": "p1y", "macro_variable_name": "FSVQ_US", "macro_variables_group": "FSVQ_US_p1y", "lag": 0}, {"transformation_type": "p1y", "macro_variable_name": "FCD_US", "macro_variables_group": "FCD_US_p1y", "lag": 0}, {"transformation_type": "p2q", "macro_variable_name": "FCD_US", "macro_variables_group": "FCD_US_p2q", "lag": 0}], "type": "operation", "name": "macro_variables", "industry": "all", "model_id": "2016-SBNA-Loss-Retail-AUTOLEASE", "version_date": "12/31/2017"}, "29": {"value": [{"operator": null, "operand_1": "FHOFHOPIQ_US_p1y", "combination": "FHOFHOPIQ_US_p1y", "operand_2": null}, {"operator": null, "operand_1": "FHOFHOPIQ_US_p2q", "combination": "FHOFHOPIQ_US_p2q", "operand_2": null}, {"operator": null, "operand_1": "FHOFHOPIQ_US_p1m", "combination": "FHOFHOPIQ_US_p1m", "operand_2": null}, {"operator": null, "operand_1": "FCXXX_US_p2q", "combination": "FCXXX_US_p2q", "operand_2": null}, {"operator": null, "operand_1": "FMUVIM_US", "combination": "FMUVIM_US", "operand_2": null}, {"operator": null, "operand_1": "FCPWTI_US_p1y", "combination": "FCPWTI_US_p1y", "operand_2": null}, {"operator": null, "operand_1": "FLBU_US_p1q", "combination": "FLBU_US_p1q", "operand_2": null}, {"operator": null, "operand_1": "FLBR_US_l6m", "combination": "FLBR_US_l6m", "operand_2": null}, {"operator": null, "operand_1": "FCBC_US_p1y", "combination": "FCBC_US_p1y", "operand_2": null}, {"operator": null, "operand_1": "FCPIU_US_p4q", "combination": "FCPIU_US_p4q", "operand_2": null}, {"operator": null, "operand_1": "FSVQ_US_p1y", "combination": "FSVQ_US_p1y", "operand_2": null}, {"operator": null, "operand_1": "FCD_US_p1y", "combination": "FCD_US_p1y", "operand_2": null}, {"operator": null, "operand_1": "FCD_US_p2q", "combination": "FCD_US_p2q", "operand_2": null}], "type": "operation", "name": "macro_variable_combinations", "industry": "all", "model_id": "2016-SBNA-Loss-Retail-AUTOLEASE", "version_date": "12/31/2017"}}}